date,cloud_provider,service,region,cost_usd
01-01-2024,AWS,EC2,us-east-1,120.5
01-01-2024,AWS,S3,us-east-1,30.25
01-01-2024,GCP,Compute Engine,us-central1,98.4
02-01-2024,AWS,EC2,us-east-1,135.75
02-01-2024,AWS,RDS,us-west-2,60.1
02-01-2024,GCP,Cloud Storage,us-central1,25.9
03-01-2024,AWS,EC2,us-east-1,110
03-01-2024,AWS,S3,us-east-1,28.7
03-01-2024,GCP,Compute Engine,us-central1,105.3
2025-12-27 14:59:50.219525,GCP,S3,us-west-2,0.0793
2025-12-27 14:59:55.257327,GCP,Lambda,us-east-1,0.055
2025-12-27 15:00:00.282940,GCP,Lambda,us-west-2,0.0038
2025-12-27 15:00:05.292942,AWS,EC2,us-west-2,0.0369
2025-12-27 15:00:10.302457,Azure,S3,eu-west-1,0.0786
2025-12-27 15:00:15.311323,GCP,EC2,us-east-1,0.0325
2025-12-27 15:00:20.321317,GCP,Lambda,us-east-1,0.0468
2025-12-27 15:00:25.328796,AWS,EC2,us-west-2,0.1737
2025-12-27 15:00:30.338024,AWS,EC2,eu-west-1,0.2704
2025-12-27 15:00:35.346347,Azure,RDS,us-west-2,0.0217
2025-12-27 15:00:40.358275,GCP,EC2,eu-west-1,0.1914
2025-12-27 15:00:45.368025,Azure,S3,us-west-2,0.2301
2025-12-27 15:00:50.376357,GCP,S3,us-west-2,0.2111
2025-12-27 15:00:55.385885,Azure,EC2,eu-west-1,0.1094
2025-12-27 15:01:00.397249,GCP,EC2,eu-west-1,0.1085
2025-12-27 15:01:05.408286,Azure,EC2,us-east-1,0.0146
2025-12-27 15:01:10.422579,AWS,Lambda,eu-west-1,0.2096
2025-12-27 15:01:15.432901,GCP,RDS,us-east-1,0.1258
2025-12-27 15:01:20.439751,Azure,S3,eu-west-1,0.0244
2025-12-27 15:01:25.448656,Azure,EC2,us-west-2,0.0151
2025-12-27 15:01:30.460533,Azure,EC2,us-west-2,0.2753
2025-12-27 15:01:35.470494,Azure,Lambda,us-west-2,0.0192
2025-12-27 15:01:40.484942,AWS,S3,eu-west-1,0.1568
2025-12-27 15:01:45.493346,AWS,RDS,eu-west-1,0.0087
2025-12-27 15:01:50.502623,Azure,S3,eu-west-1,0.0035
2025-12-27 15:01:55.505739,Azure,S3,us-east-1,0.0067
2025-12-27 15:02:00.514289,GCP,S3,us-west-2,0.0066
2025-12-27 15:02:05.526937,AWS,Lambda,eu-west-1,0.1265
2025-12-27 15:02:10.533499,GCP,S3,us-west-2,0.0242
2025-12-27 15:02:15.543124,AWS,RDS,us-east-1,0.0761
2025-12-27 15:02:20.553590,Azure,S3,us-west-2,0.1103
2025-12-27 15:02:25.562414,GCP,EC2,us-west-2,0.1421
2025-12-27 15:02:30.571091,Azure,EC2,us-east-1,0.0928
2025-12-27 15:02:35.581329,GCP,EC2,us-west-2,0.0394
2025-12-27 15:02:40.588757,Azure,S3,us-west-2,0.2753
2025-12-27 15:02:45.597057,Azure,Lambda,us-west-2,0.0182
2025-12-27 15:02:50.605979,GCP,EC2,us-east-1,0.0039
2025-12-27 15:02:55.614352,GCP,Lambda,eu-west-1,0.1733
2025-12-27 15:03:00.622860,AWS,RDS,us-east-1,0.0014
2025-12-27 15:03:05.631256,GCP,S3,eu-west-1,0.0514
2025-12-27 15:03:10.643406,AWS,EC2,eu-west-1,0.174
2025-12-27 15:03:15.651902,AWS,EC2,us-east-1,0.0448
2025-12-27 15:03:20.660278,Azure,RDS,eu-west-1,0.1559
2025-12-27 15:03:25.668482,AWS,S3,eu-west-1,0.0183
2025-12-27 15:03:30.678164,AWS,Lambda,us-west-2,0.0092
2025-12-27 15:03:35.686522,AWS,Lambda,us-east-1,0.0138
2025-12-27 15:03:40.692655,AWS,S3,us-west-2,0.1212
2025-12-27 15:03:45.700858,AWS,S3,us-west-2,0.1962
2025-12-27 15:03:50.709409,GCP,S3,us-east-1,0.0055
2025-12-27 15:03:55.717645,Azure,RDS,us-east-1,0.0051
2025-12-27 15:04:00.726742,AWS,RDS,eu-west-1,0.2623
2025-12-27 15:04:05.735720,Azure,Lambda,us-east-1,0.289
2025-12-27 15:04:10.743444,GCP,EC2,eu-west-1,0.0597
2025-12-27 15:04:15.749347,AWS,RDS,us-west-2,0.0296
2025-12-27 15:04:20.758468,AWS,RDS,eu-west-1,0.1681
2025-12-27 15:04:25.766759,AWS,RDS,us-east-1,0.0077
2025-12-27 15:04:30.775323,AWS,EC2,eu-west-1,0.2856
2025-12-27 15:04:35.784100,Azure,RDS,us-east-1,0.0091
2025-12-27 15:04:40.792629,Azure,RDS,us-west-2,0.1844
2025-12-27 15:04:45.801014,GCP,EC2,us-west-2,0.0135
2025-12-27 15:04:50.810089,Azure,RDS,eu-west-1,0.1664
2025-12-27 15:04:55.818133,AWS,S3,us-west-2,0.0211
2025-12-27 15:05:00.830851,AWS,S3,eu-west-1,0.0377
2025-12-27 15:05:05.839444,Azure,RDS,eu-west-1,0.0168
2025-12-27 15:05:10.850009,GCP,S3,us-west-2,0.0148
2025-12-27 15:05:15.858379,AWS,RDS,us-west-2,0.1894
2025-12-27 15:05:20.866127,Azure,RDS,us-west-2,0.2503
2025-12-27 15:05:25.873852,GCP,Lambda,eu-west-1,0.2151
2025-12-27 15:05:30.878459,AWS,Lambda,us-west-2,0.1581
2025-12-27 15:05:35.888649,Azure,RDS,eu-west-1,0.1679
2025-12-27 15:05:40.892197,GCP,Lambda,us-east-1,0.0061
2025-12-27 15:05:45.898546,Azure,RDS,eu-west-1,0.2448
2025-12-27 15:05:50.907628,Azure,EC2,eu-west-1,0.0151
2025-12-27 15:05:55.916550,Azure,RDS,us-west-2,0.1445
2025-12-27 15:06:00.921823,GCP,RDS,us-west-2,0.0601
2025-12-27 15:06:05.931593,Azure,RDS,eu-west-1,0.0271
2025-12-27 15:06:10.940854,Azure,S3,us-east-1,0.0366
2025-12-27 15:06:15.949837,GCP,EC2,us-east-1,0.0358
2025-12-27 15:06:20.960846,GCP,S3,eu-west-1,0.1091
2025-12-27 15:06:25.968695,GCP,EC2,us-east-1,0.1508
2025-12-27 15:06:30.978022,GCP,EC2,eu-west-1,0.0045
2025-12-27 15:06:35.987573,GCP,Lambda,us-west-2,0.0602
2025-12-27 15:06:40.996581,GCP,EC2,us-east-1,0.0128
2025-12-27 15:06:46.007075,GCP,RDS,eu-west-1,0.0156
2025-12-27 15:06:51.017171,GCP,S3,eu-west-1,0.1313
2025-12-27 15:06:56.026668,Azure,S3,us-west-2,0.0874
2025-12-27 15:07:01.035858,Azure,Lambda,us-east-1,0.0087
2025-12-27 15:07:06.047248,GCP,EC2,us-west-2,0.0779
2025-12-27 15:07:11.053098,Azure,S3,us-west-2,0.0482
2025-12-27 15:07:16.056619,AWS,S3,us-east-1,0.1342
2025-12-27 15:07:21.067702,GCP,S3,us-west-2,0.0706
2025-12-27 15:07:26.077471,Azure,S3,us-west-2,0.0975
2025-12-27 15:07:31.084551,Azure,RDS,us-west-2,0.0965
2025-12-27 15:07:36.092832,Azure,Lambda,eu-west-1,0.1239
2025-12-27 15:07:41.102798,GCP,RDS,eu-west-1,0.0263
2025-12-27 15:07:46.113159,GCP,Lambda,eu-west-1,0.1462
2025-12-27 15:07:51.122246,AWS,Lambda,eu-west-1,0.2473
2025-12-27 15:07:56.133936,Azure,RDS,eu-west-1,0.1308
2025-12-27 15:08:01.146422,AWS,Lambda,us-east-1,0.1589
2025-12-27 15:08:06.159216,AWS,RDS,eu-west-1,0.0177
2025-12-27 15:08:11.172840,Azure,RDS,us-east-1,0.0484
2025-12-27 15:08:16.181481,AWS,Lambda,eu-west-1,0.247
2025-12-27 15:08:21.190277,GCP,S3,us-east-1,0.17
2025-12-27 15:08:26.199784,GCP,RDS,eu-west-1,0.0183
2025-12-27 15:08:31.209235,GCP,EC2,us-east-1,0.0079
2025-12-27 15:08:36.217889,AWS,Lambda,us-west-2,0.0409
2025-12-27 15:08:41.226461,GCP,EC2,eu-west-1,0.0044
2025-12-27 15:08:46.235891,GCP,RDS,us-east-1,0.2432
2025-12-27 15:08:51.242472,GCP,Lambda,us-east-1,0.2472
2025-12-27 15:08:56.251516,AWS,RDS,us-west-2,0.0187
2025-12-27 15:09:01.256724,AWS,EC2,eu-west-1,0.0084
2025-12-27 15:09:06.265813,GCP,S3,eu-west-1,0.1627
2025-12-27 15:09:11.275441,GCP,Lambda,us-east-1,0.0178
2025-12-27 15:09:16.283964,Azure,EC2,us-west-2,0.0259
2025-12-27 15:09:21.298378,GCP,EC2,us-west-2,0.0205
2025-12-27 15:09:26.317092,GCP,S3,us-west-2,0.0014
2025-12-27 15:09:31.330982,GCP,EC2,us-west-2,0.0186
2025-12-27 15:09:36.341167,GCP,RDS,eu-west-1,0.1397
2025-12-27 15:09:41.351158,AWS,EC2,us-west-2,0.012
2025-12-27 15:09:46.362877,AWS,RDS,us-east-1,0.1318
2025-12-27 15:09:51.373801,GCP,S3,us-east-1,0.1986
2025-12-27 15:09:56.383452,Azure,S3,us-east-1,0.2121
2025-12-27 15:10:01.395131,AWS,RDS,us-east-1,0.0323
2025-12-27 15:10:06.405190,AWS,RDS,eu-west-1,0.2683
2025-12-27 15:10:11.411036,GCP,S3,eu-west-1,0.0513
2025-12-27 15:10:16.420511,AWS,S3,eu-west-1,0.0075
2025-12-27 15:10:21.434204,AWS,S3,us-west-2,0.2169
2025-12-27 15:10:26.446097,AWS,RDS,eu-west-1,0.0286
2025-12-27 15:10:31.458355,GCP,RDS,eu-west-1,0.1219
2025-12-27 15:10:36.468538,GCP,EC2,us-east-1,0.0051
2025-12-27 15:10:41.476277,GCP,S3,eu-west-1,0.0429
2025-12-27 15:10:46.490708,GCP,Lambda,us-west-2,0.0152
2025-12-27 15:10:51.500067,AWS,RDS,us-east-1,0.0054
2025-12-27 15:10:56.510621,Azure,Lambda,us-west-2,0.0137
2025-12-27 15:11:01.519548,Azure,EC2,us-east-1,0.2159
2025-12-27 15:11:06.528483,Azure,RDS,eu-west-1,0.1707
2025-12-27 15:11:11.537665,AWS,S3,us-west-2,0.0034
2025-12-27 15:11:16.547480,Azure,EC2,eu-west-1,0.2335
2025-12-27 15:11:21.558897,Azure,Lambda,us-west-2,0.0152
2025-12-27 15:11:26.569173,GCP,RDS,eu-west-1,0.0381
2025-12-27 15:11:31.579280,GCP,RDS,eu-west-1,0.0045
2025-12-27 15:11:36.591413,Azure,Lambda,us-west-2,0.003
2025-12-27 15:11:41.598149,GCP,S3,us-east-1,0.1065
2025-12-27 15:11:46.605276,GCP,Lambda,eu-west-1,0.106
2025-12-27 15:11:51.612434,GCP,Lambda,eu-west-1,0.0496
2025-12-27 15:11:56.629584,GCP,EC2,us-east-1,0.0134
2025-12-27 15:12:01.638506,Azure,RDS,eu-west-1,0.0959
2025-12-27 15:12:06.647205,AWS,Lambda,us-east-1,0.2001
2025-12-27 15:12:11.654049,Azure,S3,us-west-2,0.1233
2025-12-27 15:12:16.659327,GCP,EC2,eu-west-1,0.0056
2025-12-27 15:12:21.667171,GCP,Lambda,us-east-1,0.0183
2025-12-27 15:12:26.675932,GCP,S3,us-west-2,0.2249
2025-12-27 15:12:31.688642,AWS,Lambda,us-east-1,0.2348
2025-12-27 15:12:36.697203,GCP,S3,eu-west-1,0.0127
2025-12-27 15:12:41.706227,Azure,EC2,us-west-2,0.1432
2025-12-27 15:12:46.717073,AWS,Lambda,us-east-1,0.0638
2025-12-27 15:12:51.726450,Azure,EC2,us-west-2,0.1484
2025-12-27 15:12:56.735245,Azure,RDS,us-east-1,0.0125
2025-12-27 15:13:01.744594,AWS,Lambda,us-west-2,0.0407
2025-12-27 15:13:06.757106,GCP,RDS,us-east-1,0.01
2025-12-27 15:13:11.766995,Azure,RDS,us-east-1,0.1285
2025-12-27 15:13:16.775956,GCP,S3,us-west-2,0.048
2025-12-27 15:13:21.785320,GCP,EC2,us-east-1,0.0494
2025-12-27 15:13:26.792652,Azure,EC2,eu-west-1,0.009
2025-12-27 15:13:31.800056,AWS,S3,eu-west-1,0.0871
2025-12-27 15:13:36.810045,GCP,S3,eu-west-1,0.154
2025-12-27 15:13:41.819510,Azure,EC2,us-west-2,0.2586
2025-12-27 15:13:46.829553,Azure,RDS,eu-west-1,0.0438
2025-12-27 15:13:51.839526,Azure,RDS,us-west-2,0.0204
2025-12-27 15:13:56.854253,AWS,RDS,us-west-2,0.0366
2025-12-27 15:14:01.865841,Azure,Lambda,us-east-1,0.2077
2025-12-27 15:14:06.876256,GCP,Lambda,us-east-1,0.0126
2025-12-27 15:14:11.885323,GCP,EC2,us-east-1,0.096
2025-12-27 15:14:16.897480,Azure,Lambda,us-west-2,0.0627
2025-12-27 15:14:21.906590,Azure,S3,us-west-2,0.2195
2025-12-27 15:14:26.915920,GCP,S3,eu-west-1,0.0273
2025-12-27 15:14:31.923716,AWS,Lambda,eu-west-1,0.0407
2025-12-27 15:14:36.931083,GCP,Lambda,us-west-2,0.1285
2025-12-27 15:14:41.950106,AWS,RDS,eu-west-1,0.0363
2025-12-27 15:14:46.961573,Azure,S3,us-west-2,0.0072
2025-12-27 15:14:51.971128,AWS,RDS,us-east-1,0.0244
2025-12-27 15:14:56.979750,Azure,S3,us-east-1,0.1148
2025-12-27 15:15:01.988458,AWS,EC2,us-west-2,0.0843
2025-12-27 15:15:06.999577,GCP,RDS,us-west-2,0.2234
2025-12-27 15:15:12.010122,AWS,RDS,us-west-2,0.0398
2025-12-27 15:15:17.019757,GCP,S3,eu-west-1,0.0136
2025-12-27 15:15:22.025590,GCP,Lambda,us-west-2,0.049
2025-12-27 15:15:27.034619,GCP,RDS,us-west-2,0.0041
2025-12-27 15:15:32.044596,GCP,RDS,us-east-1,0.0173
2025-12-27 15:15:37.053525,Azure,RDS,us-east-1,0.2099
2025-12-27 15:15:42.062553,AWS,EC2,us-west-2,0.2461
2025-12-27 15:15:47.072052,AWS,S3,us-east-1,0.2726
2025-12-27 15:15:52.083508,Azure,RDS,us-west-2,0.0742
2025-12-27 15:15:57.096352,AWS,RDS,eu-west-1,0.0138
2025-12-27 15:16:02.105596,AWS,EC2,us-east-1,0.0793
2025-12-27 15:16:07.115121,Azure,S3,us-east-1,0.0521
2025-12-27 15:16:12.121405,AWS,RDS,eu-west-1,0.0366
2025-12-27 15:16:17.133972,Azure,S3,eu-west-1,0.1477
2025-12-27 15:16:22.144032,Azure,Lambda,eu-west-1,0.1644
2025-12-27 15:16:27.152779,AWS,Lambda,us-west-2,0.2439
2025-12-27 15:16:32.164984,Azure,Lambda,us-east-1,0.2361
2025-12-27 15:16:37.174184,AWS,S3,us-east-1,0.0444
2025-12-27 15:16:42.185715,AWS,RDS,us-east-1,0.0242
2025-12-27 15:16:47.194905,Azure,EC2,us-west-2,0.0115
2025-12-27 15:16:52.204751,Azure,S3,us-west-2,0.0905
2025-12-27 15:16:57.213834,GCP,Lambda,us-west-2,0.0137
2025-12-27 15:17:02.226407,AWS,RDS,us-east-1,0.031
2025-12-27 15:17:07.235632,AWS,Lambda,us-west-2,0.0579
2025-12-27 15:17:12.240499,GCP,EC2,us-west-2,0.0244
2025-12-27 15:17:17.249250,Azure,RDS,us-east-1,0.1403
2025-12-27 15:17:22.259023,GCP,EC2,eu-west-1,0.0238
2025-12-27 15:17:27.267917,GCP,S3,us-west-2,0.009
2025-12-27 15:17:32.277844,Azure,EC2,eu-west-1,0.0369
2025-12-27 15:17:37.294327,AWS,S3,us-west-2,0.001
2025-12-27 15:17:42.301695,AWS,RDS,us-east-1,0.0168
2025-12-27 15:17:47.310977,GCP,S3,us-west-2,0.0269
2025-12-27 15:17:52.320384,GCP,RDS,us-west-2,0.0261
2025-12-27 15:17:57.328995,Azure,S3,us-west-2,0.2865
2025-12-27 15:18:02.341692,Azure,S3,eu-west-1,0.0379
2025-12-27 15:18:07.359155,AWS,S3,eu-west-1,0.0728
2025-12-27 15:18:12.371842,GCP,RDS,us-west-2,0.0732
2025-12-27 15:18:17.384799,Azure,Lambda,us-east-1,0.047
2025-12-27 15:18:22.394442,Azure,RDS,us-west-2,0.111
2025-12-27 15:18:27.404163,AWS,EC2,us-west-2,0.1674
2025-12-27 15:18:32.413406,GCP,EC2,us-west-2,0.2166
2025-12-27 15:18:37.421795,AWS,RDS,us-east-1,0.0978
2025-12-27 15:18:42.444643,AWS,Lambda,us-east-1,0.0407
2025-12-27 15:18:47.500438,Azure,EC2,eu-west-1,0.0455
2025-12-27 15:18:52.509873,GCP,Lambda,eu-west-1,0.1352
2025-12-27 15:18:57.523181,Azure,Lambda,eu-west-1,0.013
2025-12-27 15:19:02.535459,AWS,RDS,us-east-1,0.0133
2025-12-27 15:19:07.550712,AWS,Lambda,us-east-1,0.0063
2025-12-27 15:19:12.554849,Azure,S3,us-east-1,0.0411
2025-12-27 15:19:17.559714,GCP,Lambda,us-west-2,0.2405
2025-12-27 15:19:22.569267,GCP,EC2,eu-west-1,0.0116
2025-12-27 15:19:27.578775,AWS,RDS,us-west-2,0.1225
2025-12-27 15:19:32.591184,Azure,Lambda,us-east-1,0.0092
2025-12-27 15:19:37.604291,Azure,Lambda,us-west-2,0.0163
2025-12-27 15:19:42.613203,AWS,EC2,us-east-1,0.0934
2025-12-27 15:19:47.624979,GCP,RDS,eu-west-1,0.2291
2025-12-27 15:19:52.633605,GCP,RDS,us-east-1,0.0078
2025-12-27 15:19:57.648913,AWS,RDS,us-east-1,0.0158
2025-12-27 15:20:02.654152,GCP,Lambda,eu-west-1,0.0597
2025-12-27 15:20:07.671523,GCP,RDS,eu-west-1,0.0187
2025-12-27 15:20:12.680284,GCP,EC2,us-west-2,0.0415
2025-12-27 15:20:17.690969,AWS,Lambda,us-east-1,0.1204
2025-12-27 15:20:22.700302,Azure,S3,us-east-1,0.0058
2025-12-27 15:20:27.709841,GCP,S3,eu-west-1,0.0064
2025-12-27 15:20:32.718511,Azure,RDS,us-east-1,0.2356
2025-12-27 15:20:37.728585,Azure,S3,us-east-1,0.0105
2025-12-27 15:20:42.741710,Azure,RDS,eu-west-1,0.0129
2025-12-27 15:20:47.751610,GCP,RDS,us-east-1,0.0366
2025-12-27 15:20:52.758723,AWS,EC2,eu-west-1,0.0113
2025-12-27 15:20:57.767198,GCP,RDS,us-east-1,0.1195
2025-12-27 15:21:02.780583,AWS,RDS,us-west-2,0.0041
2025-12-27 15:21:07.789480,AWS,Lambda,us-west-2,0.0612
2025-12-27 15:21:12.800232,Azure,S3,us-east-1,0.013
2025-12-27 15:21:17.809449,Azure,RDS,us-east-1,0.0103
2025-12-27 15:21:22.820444,Azure,EC2,us-west-2,0.0143
2025-12-27 15:21:27.831486,AWS,EC2,us-east-1,0.1167
2025-12-27 15:21:32.841280,Azure,EC2,eu-west-1,0.1748
2025-12-27 15:21:37.860794,GCP,S3,us-east-1,0.0078
2025-12-27 15:21:42.873419,GCP,Lambda,us-west-2,0.185
2025-12-27 15:21:47.884214,Azure,EC2,us-west-2,0.0174
2025-12-27 15:21:52.893030,Azure,RDS,us-west-2,0.0037
2025-12-27 15:21:57.901650,AWS,RDS,eu-west-1,0.0414
2025-12-27 15:22:02.911756,GCP,RDS,us-east-1,0.2148
2025-12-27 15:22:07.920521,AWS,EC2,eu-west-1,0.009
2025-12-27 15:22:12.930059,GCP,S3,us-east-1,0.264
2025-12-27 15:22:17.939151,Azure,Lambda,us-west-2,0.0404
2025-12-27 15:22:22.949692,AWS,Lambda,eu-west-1,0.0266
2025-12-27 15:22:27.959109,Azure,RDS,us-west-2,0.0458
2025-12-27 15:22:32.967911,Azure,EC2,us-west-2,0.0473
2025-12-27 15:22:37.988714,GCP,Lambda,us-east-1,0.0427
2025-12-27 15:22:43.003500,Azure,EC2,us-west-2,0.2243
2025-12-27 15:22:48.020037,GCP,RDS,us-west-2,0.0897
2025-12-27 15:22:53.035706,AWS,Lambda,eu-west-1,0.0193
2025-12-27 15:22:58.044855,GCP,Lambda,us-east-1,0.2514
2025-12-27 15:23:03.056305,AWS,RDS,us-west-2,0.2831
2025-12-27 15:23:08.072616,AWS,S3,eu-west-1,0.0101
2025-12-27 15:23:13.087970,GCP,Lambda,us-east-1,0.0458
2025-12-27 15:23:18.099815,Azure,RDS,us-west-2,0.095
2025-12-27 15:23:23.110327,AWS,RDS,us-west-2,0.0173
2025-12-27 15:23:28.118522,AWS,EC2,us-west-2,0.0071
2025-12-27 15:23:33.128880,AWS,Lambda,eu-west-1,0.0016
2025-12-27 15:23:38.138185,GCP,RDS,us-west-2,0.041
2025-12-27 15:23:43.144873,AWS,Lambda,eu-west-1,0.0171
2025-12-27 15:23:48.164646,AWS,RDS,eu-west-1,0.0431
2025-12-27 15:23:53.178199,GCP,Lambda,us-west-2,0.0442
2025-12-27 15:23:58.189751,Azure,RDS,us-east-1,0.0402
2025-12-27 15:24:03.198154,Azure,S3,us-west-2,0.0801
2025-12-27 15:24:08.207287,GCP,EC2,us-east-1,0.0053
2025-12-27 15:24:13.217167,GCP,RDS,us-west-2,0.1088
2025-12-27 15:24:18.223253,GCP,EC2,us-west-2,0.0258
2025-12-27 15:24:23.234039,AWS,Lambda,us-east-1,0.1237
2025-12-27 15:24:28.245688,GCP,RDS,us-west-2,0.0884
2025-12-27 15:24:33.255754,AWS,Lambda,us-east-1,0.0048
2025-12-27 15:24:38.266605,GCP,RDS,us-west-2,0.1715
2025-12-27 15:24:43.274274,GCP,Lambda,eu-west-1,0.0142
2025-12-27 15:24:48.283269,Azure,S3,us-east-1,0.0478
2025-12-27 15:24:53.294434,Azure,Lambda,eu-west-1,0.096
2025-12-27 15:24:58.306939,GCP,EC2,eu-west-1,0.0045
2025-12-27 15:25:03.313446,AWS,RDS,eu-west-1,0.1068
2025-12-27 15:25:08.322485,Azure,RDS,eu-west-1,0.2313
2025-12-27 15:25:13.328090,Azure,Lambda,us-east-1,0.2078
2025-12-27 15:25:18.337516,Azure,RDS,eu-west-1,0.0571
2025-12-27 15:25:23.346777,GCP,S3,us-west-2,0.0203
2025-12-27 15:25:28.356008,Azure,S3,eu-west-1,0.1009
2025-12-27 15:25:33.365214,Azure,RDS,eu-west-1,0.2267
2025-12-27 15:25:38.374129,Azure,Lambda,us-east-1,0.0173
2025-12-27 15:25:43.383335,GCP,RDS,eu-west-1,0.1102
2025-12-27 15:25:48.388832,Azure,S3,eu-west-1,0.0032
2025-12-27 15:25:53.396122,GCP,Lambda,us-east-1,0.0157
2025-12-27 15:25:58.409170,Azure,EC2,us-west-2,0.0589
2025-12-27 15:26:03.424753,AWS,RDS,eu-west-1,0.0266
2025-12-27 15:26:08.432393,GCP,EC2,us-west-2,0.0167
2025-12-27 15:26:13.446444,Azure,RDS,eu-west-1,0.0121
2025-12-27 15:26:18.455542,GCP,Lambda,us-east-1,0.0214
2025-12-27 15:26:23.460886,GCP,EC2,eu-west-1,0.0123
2025-12-27 15:26:28.472872,GCP,RDS,us-west-2,0.2521
2025-12-27 15:26:33.482249,AWS,Lambda,eu-west-1,0.0043
2025-12-27 15:26:38.501693,GCP,RDS,eu-west-1,0.115
2025-12-27 15:26:43.511766,AWS,S3,us-east-1,0.0277
2025-12-27 15:26:48.521792,AWS,EC2,eu-west-1,0.0103
2025-12-27 15:26:53.533686,GCP,EC2,eu-west-1,0.0692
2025-12-27 15:26:58.543190,AWS,Lambda,us-west-2,0.2282
2025-12-27 15:27:03.552237,GCP,RDS,us-east-1,0.2919
2025-12-27 15:27:08.561537,AWS,Lambda,us-west-2,0.0407
2025-12-27 15:27:13.567019,AWS,Lambda,eu-west-1,0.0271
2025-12-27 15:27:18.578438,GCP,S3,eu-west-1,0.167
2025-12-27 15:27:23.586973,Azure,RDS,us-west-2,0.0058
2025-12-27 15:27:28.596475,Azure,Lambda,us-east-1,0.0221
2025-12-27 15:27:33.605387,GCP,Lambda,eu-west-1,0.1131
2025-12-27 15:27:38.614524,AWS,EC2,us-east-1,0.0851
2025-12-27 15:27:43.623850,Azure,S3,us-east-1,0.0281
2025-12-27 15:27:48.632664,Azure,Lambda,us-east-1,0.0333
2025-12-27 15:27:53.641623,Azure,S3,eu-west-1,0.0046
2025-12-27 15:27:58.650434,GCP,S3,us-east-1,0.0194
2025-12-27 15:28:03.659475,Azure,RDS,us-west-2,0.0804
2025-12-27 15:28:08.672145,GCP,RDS,us-east-1,0.0901
2025-12-27 15:28:13.680091,GCP,RDS,eu-west-1,0.0486
2025-12-27 15:28:18.690169,GCP,EC2,us-east-1,0.1408
2025-12-27 15:28:23.699104,GCP,S3,us-west-2,0.0107
2025-12-27 15:28:28.702602,GCP,EC2,eu-west-1,0.0134
2025-12-27 15:28:33.711616,AWS,EC2,us-east-1,0.0186
2025-12-27 15:28:38.720379,GCP,RDS,us-west-2,0.0286
2025-12-27 15:28:43.727714,AWS,S3,us-west-2,0.2073
2025-12-27 15:28:48.739986,GCP,RDS,us-west-2,0.0076
2025-12-27 15:28:53.743431,Azure,RDS,eu-west-1,0.1862
2025-12-27 15:28:58.748022,GCP,RDS,eu-west-1,0.0439
2025-12-27 15:29:03.751643,GCP,EC2,us-east-1,0.0196
2025-12-27 15:29:08.755273,GCP,EC2,us-west-2,0.0192
2025-12-27 15:29:13.758730,Azure,S3,eu-west-1,0.0311
2025-12-27 15:29:18.762475,Azure,RDS,us-west-2,0.0415
2025-12-27 15:29:23.766860,Azure,Lambda,eu-west-1,0.2415
2025-12-27 15:29:28.770244,GCP,Lambda,us-east-1,0.0116
2025-12-27 15:29:33.774147,Azure,EC2,eu-west-1,0.0123
2025-12-27 15:29:38.783468,AWS,EC2,us-east-1,0.1443
2025-12-27 15:29:43.792658,Azure,EC2,us-east-1,0.0098
2025-12-27 15:29:48.798935,Azure,S3,eu-west-1,0.1498
2025-12-27 15:29:53.807475,AWS,EC2,us-east-1,0.0162
2025-12-27 15:29:58.816884,Azure,RDS,eu-west-1,0.0162
2025-12-27 15:30:03.825932,AWS,RDS,us-east-1,0.2314
2025-12-27 15:30:08.831040,Azure,EC2,us-east-1,0.0185
2025-12-27 15:30:13.840270,Azure,RDS,us-west-2,0.1218
2025-12-27 15:30:18.848847,GCP,EC2,us-east-1,0.0201
2025-12-27 15:30:23.856841,Azure,S3,us-east-1,0.0166
2025-12-27 15:30:28.869565,GCP,S3,eu-west-1,0.1086
2025-12-27 15:30:33.880309,Azure,Lambda,eu-west-1,0.0057
2025-12-27 15:30:38.889220,AWS,RDS,eu-west-1,0.2925
2025-12-27 15:30:43.897857,AWS,S3,us-west-2,0.1532
2025-12-27 15:30:48.903827,Azure,S3,us-east-1,0.2155
2025-12-27 15:30:53.918016,GCP,Lambda,us-west-2,0.2242
2025-12-27 15:30:58.928206,AWS,Lambda,eu-west-1,0.0235
2025-12-27 15:31:03.938300,Azure,EC2,us-east-1,0.0126
2025-12-27 15:31:08.943131,AWS,EC2,eu-west-1,0.1816
2025-12-27 15:31:13.948718,Azure,EC2,us-west-2,0.0319
2025-12-27 15:31:18.955296,GCP,EC2,us-east-1,0.1027
2025-12-27 15:31:23.966476,GCP,Lambda,us-west-2,0.1246
2025-12-27 15:31:28.974339,AWS,RDS,us-east-1,0.0387
2025-12-27 15:31:33.984151,Azure,Lambda,us-east-1,0.0283
2025-12-27 15:31:38.993527,GCP,EC2,us-west-2,0.0275
2025-12-27 15:31:44.005330,AWS,Lambda,eu-west-1,0.0051
2025-12-27 15:31:49.011555,GCP,S3,us-west-2,0.025
2025-12-27 15:31:54.023843,Azure,RDS,us-east-1,0.1925
2025-12-27 15:31:59.032599,AWS,S3,us-east-1,0.017
2025-12-27 15:32:04.174736,AWS,Lambda,us-west-2,0.0313
2025-12-27 15:32:09.183695,AWS,RDS,us-west-2,0.2445
2025-12-27 15:32:14.195159,Azure,S3,eu-west-1,0.0116
2025-12-27 15:32:19.204155,GCP,S3,us-west-2,0.0474
2025-12-27 15:32:24.214508,GCP,RDS,eu-west-1,0.2202
2025-12-27 15:32:29.223770,GCP,RDS,us-west-2,0.0179
2025-12-27 15:32:34.233508,GCP,RDS,eu-west-1,0.0937
2025-12-27 15:32:39.247140,AWS,S3,us-west-2,0.1983
2025-12-27 15:32:44.269201,Azure,RDS,us-east-1,0.0075
2025-12-27 15:32:49.304416,AWS,RDS,eu-west-1,0.2848
2025-12-27 15:32:54.314609,Azure,RDS,us-west-2,0.1856
2025-12-27 15:32:59.319588,AWS,RDS,us-east-1,0.2127
2025-12-27 15:33:04.332211,GCP,S3,eu-west-1,0.02
2025-12-27 15:33:09.347343,GCP,Lambda,us-west-2,0.0936
2025-12-27 15:33:14.356956,GCP,EC2,eu-west-1,0.0186
2025-12-27 15:33:19.366792,AWS,S3,eu-west-1,0.015
2025-12-27 15:33:24.372842,AWS,EC2,us-west-2,0.0257
2025-12-27 15:33:29.382453,Azure,RDS,us-east-1,0.2734
2025-12-27 15:33:34.391938,GCP,RDS,eu-west-1,0.0335
2025-12-27 15:33:39.400872,GCP,Lambda,eu-west-1,0.0555
2025-12-27 15:33:44.409869,GCP,S3,us-west-2,0.0118
2025-12-27 15:33:49.420343,GCP,RDS,us-east-1,0.1105
2025-12-27 15:33:54.435826,AWS,Lambda,eu-west-1,0.0243
2025-12-27 15:33:59.439550,Azure,Lambda,eu-west-1,0.0187
2025-12-27 15:34:04.447930,Azure,EC2,eu-west-1,0.024
2025-12-27 15:34:09.456991,Azure,S3,us-west-2,0.0192
2025-12-27 15:34:14.462243,Azure,Lambda,eu-west-1,0.1206
2025-12-27 15:34:19.469275,Azure,Lambda,us-east-1,0.0144
2025-12-27 15:34:24.480128,Azure,S3,us-west-2,0.0289
2025-12-27 15:34:29.489632,AWS,Lambda,eu-west-1,0.0217
2025-12-27 15:34:34.499074,GCP,Lambda,us-west-2,0.0217
2025-12-27 15:34:39.507697,GCP,Lambda,us-west-2,0.0111
2025-12-27 15:34:44.511144,Azure,Lambda,eu-west-1,0.0274
2025-12-27 15:34:49.515376,AWS,EC2,us-west-2,0.2143
2025-12-27 15:34:54.524164,GCP,Lambda,eu-west-1,0.0481
2025-12-27 15:34:59.534094,GCP,S3,eu-west-1,0.2707
2025-12-27 15:35:04.542776,GCP,RDS,us-west-2,0.0046
2025-12-27 15:35:09.546394,Azure,EC2,us-west-2,0.2187
2025-12-27 15:35:14.557068,GCP,EC2,eu-west-1,0.1421
2025-12-27 15:35:19.570750,Azure,EC2,us-east-1,0.062
2025-12-27 15:35:24.578851,GCP,RDS,us-east-1,0.0419
2025-12-27 15:35:29.589440,GCP,RDS,eu-west-1,0.2034
2025-12-27 15:35:34.598769,AWS,S3,us-east-1,0.2413
2025-12-27 15:35:39.606288,Azure,EC2,us-west-2,0.0293
2025-12-27 15:35:44.615485,AWS,RDS,us-west-2,0.0309
2025-12-27 15:35:49.624885,GCP,RDS,us-east-1,0.2986
2025-12-27 15:35:54.631901,GCP,RDS,us-east-1,0.0765
2025-12-27 15:35:59.649532,Azure,S3,us-west-2,0.1689
2025-12-27 15:36:04.657457,GCP,Lambda,eu-west-1,0.0085
2025-12-27 15:36:09.663036,AWS,Lambda,us-west-2,0.0125
2025-12-27 15:36:14.671171,AWS,EC2,us-east-1,0.017
2025-12-27 15:36:19.677070,Azure,Lambda,us-east-1,0.1946
2025-12-27 15:36:24.682064,Azure,EC2,us-west-2,0.227
2025-12-27 15:36:29.691129,GCP,EC2,us-west-2,0.113
2025-12-27 15:36:34.704209,AWS,S3,eu-west-1,0.0127
2025-12-27 15:36:39.713301,AWS,Lambda,us-west-2,0.1085
2025-12-27 15:36:44.722704,GCP,Lambda,eu-west-1,0.0406
2025-12-27 15:36:49.731911,AWS,Lambda,us-west-2,0.0831
2025-12-27 15:36:54.742153,Azure,Lambda,eu-west-1,0.0294
2025-12-27 15:36:59.752584,GCP,EC2,us-west-2,0.199
2025-12-27 15:37:04.761895,AWS,S3,us-west-2,0.02
2025-12-27 15:37:09.768962,AWS,EC2,us-west-2,0.133
2025-12-27 15:37:14.777625,AWS,RDS,us-east-1,0.0015
2025-12-27 15:37:19.781024,GCP,EC2,us-east-1,0.026
2025-12-27 15:37:24.784271,Azure,RDS,eu-west-1,0.0158
2025-12-27 15:37:29.788407,AWS,RDS,us-east-1,0.1474
2025-12-27 15:37:34.799478,GCP,EC2,eu-west-1,0.0119
2025-12-27 15:37:39.810392,AWS,RDS,eu-west-1,0.0092
2025-12-27 15:37:44.815121,GCP,RDS,eu-west-1,0.1839
2025-12-27 15:37:49.829606,GCP,S3,us-east-1,0.0177
2025-12-27 15:37:54.839053,GCP,S3,us-west-2,0.1357
2025-12-27 15:37:59.848101,GCP,EC2,us-east-1,0.0317
2025-12-27 15:38:04.854383,AWS,EC2,us-west-2,0.0084
2025-12-27 15:38:09.862095,GCP,EC2,eu-west-1,0.0056
2025-12-27 15:38:14.873778,Azure,EC2,us-east-1,0.0047
2025-12-27 15:38:19.882721,GCP,EC2,eu-west-1,0.0233
2025-12-27 18:38:24.890174,GCP,EC2,us-east-1,0.0015
2025-12-27 18:38:29.898787,Azure,S3,us-east-1,0.0169
2025-12-27 18:38:34.901460,AWS,EC2,eu-west-1,0.0103
2025-12-28 11:08:04.757072,GCP,EC2,us-east-1,0.1391
2025-12-28 11:08:09.763692,AWS,Lambda,us-east-1,0.0411
2025-12-28 11:08:14.769665,Azure,RDS,us-east-1,0.0473
2025-12-28 11:08:19.773100,AWS,EC2,us-east-1,0.1562
2025-12-28 11:08:24.775845,AWS,S3,us-east-1,0.0586
2025-12-28 11:08:29.778815,GCP,RDS,eu-west-1,0.0463
2025-12-28 11:08:34.782063,AWS,RDS,us-west-2,0.1065
2025-12-28 11:08:39.786004,Azure,RDS,eu-west-1,0.0307
2025-12-28 11:08:44.789622,GCP,Lambda,us-west-2,0.0026
2025-12-28 11:08:49.793318,AWS,RDS,us-west-2,0.0219
2025-12-28 11:08:54.795881,GCP,EC2,us-west-2,0.0109
2025-12-28 11:08:59.800218,Azure,S3,us-west-2,0.0061
2025-12-28 11:09:04.804875,AWS,Lambda,us-east-1,0.1295
2025-12-28 11:09:09.808372,AWS,Lambda,us-east-1,0.0084
2025-12-28 11:09:14.812703,Azure,Lambda,us-west-2,0.0914
2025-12-28 11:09:19.816359,Azure,Lambda,us-west-2,0.128
2025-12-28 11:09:24.819137,Azure,RDS,eu-west-1,0.0948
2025-12-28 11:09:29.821816,AWS,Lambda,eu-west-1,0.0335
2025-12-28 11:09:34.824017,Azure,RDS,us-west-2,0.2011
2025-12-28 11:09:39.838612,Azure,EC2,us-east-1,0.2607
2025-12-28 11:09:44.841902,AWS,Lambda,us-east-1,0.2488
2025-12-28 11:09:49.852558,GCP,S3,us-west-2,0.1253
2025-12-28 11:09:54.857584,AWS,S3,us-west-2,0.2329
2025-12-28 11:09:59.863992,GCP,EC2,eu-west-1,0.0991
2025-12-28 11:10:04.909675,Azure,S3,us-west-2,0.1796
2025-12-28 11:10:09.954098,Azure,S3,us-east-1,0.2357
2025-12-28 11:10:14.957593,Azure,S3,eu-west-1,0.1773
2025-12-28 11:10:19.966150,Azure,S3,us-west-2,0.0135
2025-12-28 11:10:24.979789,AWS,EC2,us-west-2,0.2279
2025-12-28 11:10:29.988285,GCP,Lambda,us-east-1,0.1645
2025-12-28 11:10:34.996578,AWS,EC2,us-east-1,0.0058
2025-12-28 11:10:40.005661,AWS,Lambda,us-west-2,0.0261
2025-12-28 11:10:45.015469,AWS,EC2,us-east-1,0.0206
2025-12-28 11:10:50.025607,GCP,EC2,us-west-2,0.1183
2025-12-28 11:10:55.035112,GCP,Lambda,eu-west-1,0.0174
2025-12-28 11:11:00.044132,AWS,Lambda,eu-west-1,0.2932
2025-12-28 11:11:05.057324,Azure,EC2,us-east-1,0.0284
2025-12-28 11:11:10.064103,AWS,Lambda,us-east-1,0.035
2025-12-28 11:11:15.078042,Azure,S3,us-east-1,0.1875
2025-12-28 11:11:20.093531,GCP,RDS,us-west-2,0.0205
2025-12-28 11:11:25.099324,Azure,Lambda,eu-west-1,0.0354
2025-12-28 11:11:30.102251,GCP,EC2,us-west-2,0.0183
2025-12-28 11:11:35.105880,AWS,S3,us-east-1,0.1531
2025-12-28 11:11:40.115880,AWS,EC2,eu-west-1,0.0348
2025-12-28 11:11:45.126247,GCP,EC2,us-west-2,0.254
2025-12-28 11:11:50.136883,AWS,EC2,us-east-1,0.0046
2025-12-28 11:11:55.144389,Azure,RDS,us-west-2,0.1955
2025-12-28 11:12:00.150029,Azure,EC2,eu-west-1,0.276
2025-12-28 11:12:05.154007,AWS,EC2,eu-west-1,0.259
2025-12-28 11:12:10.162504,GCP,S3,us-west-2,0.2032
2025-12-28 11:12:15.166845,GCP,S3,us-west-2,0.0945
2025-12-28 11:12:20.175649,AWS,RDS,eu-west-1,0.0157
2025-12-28 11:12:25.186310,AWS,Lambda,us-west-2,0.1552
2025-12-28 11:12:30.195356,GCP,RDS,eu-west-1,0.2386
2025-12-28 11:12:35.205109,Azure,S3,us-west-2,0.0173
2025-12-28 11:12:40.214510,AWS,S3,us-west-2,0.0189
2025-12-28 11:12:45.224455,GCP,RDS,us-east-1,0.0199
2025-12-28 11:12:50.233488,GCP,Lambda,us-west-2,0.1112
2025-12-28 11:12:55.238435,GCP,S3,eu-west-1,0.0477
2025-12-28 11:13:00.247382,Azure,S3,us-west-2,0.0065
2025-12-28 11:13:05.260249,AWS,S3,us-west-2,0.1228
2025-12-28 11:13:10.267999,GCP,EC2,us-east-1,0.0397
2025-12-28 11:13:15.276666,AWS,Lambda,us-west-2,0.012
2025-12-28 11:13:20.280310,GCP,RDS,eu-west-1,0.2069
2025-12-28 11:13:25.289194,Azure,S3,eu-west-1,0.2323
2025-12-28 11:13:30.298131,GCP,EC2,us-west-2,0.0762
2025-12-28 11:13:35.309309,GCP,S3,us-east-1,0.1659
2025-12-28 11:13:40.318527,GCP,RDS,eu-west-1,0.0038
2025-12-28 11:13:45.327397,GCP,Lambda,us-east-1,0.0276
2025-12-28 11:13:50.340242,Azure,Lambda,eu-west-1,0.015
2025-12-28 11:13:55.349444,AWS,EC2,us-east-1,0.1525
2025-12-28 11:14:00.355470,AWS,S3,eu-west-1,0.2227
2025-12-28 11:14:05.362984,GCP,EC2,us-west-2,0.1092
2025-12-28 11:14:10.374391,GCP,S3,us-east-1,0.0843
2025-12-28 11:14:15.381777,Azure,EC2,us-east-1,0.1233
2025-12-28 11:14:20.387977,GCP,EC2,us-east-1,0.0135
2025-12-28 11:14:25.398109,AWS,RDS,eu-west-1,0.1804
2025-12-28 11:14:30.407144,Azure,Lambda,us-west-2,0.2457
2025-12-28 11:14:35.416056,GCP,Lambda,eu-west-1,0.1304
2025-12-28 11:14:40.423208,AWS,Lambda,us-west-2,0.2359
2025-12-28 11:14:45.433646,AWS,Lambda,us-east-1,0.0023
2025-12-28 11:14:50.438754,AWS,Lambda,eu-west-1,0.0052
2025-12-28 11:14:55.445461,GCP,RDS,eu-west-1,0.0393
2025-12-28 11:15:00.451810,Azure,EC2,eu-west-1,0.0857
2025-12-28 11:15:05.460721,GCP,EC2,us-west-2,0.009
2025-12-28 11:15:10.469277,GCP,RDS,us-west-2,0.1124
2025-12-28 11:15:15.476404,GCP,S3,eu-west-1,0.0726
2025-12-28 11:15:20.485618,GCP,RDS,us-west-2,0.0284
2025-12-28 11:15:25.494430,AWS,Lambda,us-west-2,0.0573
2025-12-28 11:15:30.503658,AWS,RDS,us-west-2,0.0149
2025-12-28 11:15:35.511956,AWS,EC2,us-west-2,0.23
2025-12-28 11:15:40.521778,Azure,RDS,us-west-2,0.0032
2025-12-28 11:15:45.530680,AWS,Lambda,us-east-1,0.0106
2025-12-28 11:15:50.539731,GCP,Lambda,us-east-1,0.0022
2025-12-28 11:15:55.549450,AWS,Lambda,eu-west-1,0.0115
2025-12-28 11:16:00.558492,GCP,EC2,us-east-1,0.0386
2025-12-28 11:16:05.567104,AWS,S3,us-west-2,0.0966
2025-12-28 11:16:10.575682,AWS,EC2,us-east-1,0.0012
2025-12-28 11:16:15.588149,AWS,Lambda,us-east-1,0.1658
2025-12-28 11:16:20.593586,AWS,EC2,us-west-2,0.0143
2025-12-28 11:16:25.597711,Azure,S3,us-west-2,0.0889
2025-12-28 11:16:30.601278,GCP,S3,us-east-1,0.019
2025-12-28 11:16:35.604900,AWS,EC2,us-west-2,0.0559
2025-12-28 11:16:40.608828,Azure,RDS,us-east-1,0.0734
2025-12-28 11:16:45.611749,AWS,RDS,eu-west-1,0.0891
2025-12-28 11:16:50.619727,GCP,S3,us-west-2,0.0907
2025-12-28 11:16:55.629483,Azure,EC2,us-west-2,0.0656
2025-12-28 11:17:00.639125,GCP,RDS,eu-west-1,0.0149
2025-12-28 11:17:05.650865,Azure,Lambda,us-east-1,0.072
2025-12-28 11:17:10.656514,Azure,RDS,us-east-1,0.0402
2025-12-28 11:17:15.664880,GCP,Lambda,eu-west-1,0.0221
2025-12-28 11:17:20.669782,AWS,RDS,us-west-2,0.0183
2025-12-28 11:17:25.678191,GCP,RDS,eu-west-1,0.0168
2025-12-28 11:17:30.685421,Azure,Lambda,us-east-1,0.1391
2025-12-28 11:17:35.694672,Azure,EC2,us-west-2,0.1716
2025-12-28 11:17:40.707782,Azure,Lambda,us-west-2,0.026
2025-12-28 11:17:45.714108,Azure,S3,eu-west-1,0.2315
2025-12-28 11:17:50.724153,GCP,RDS,us-east-1,0.1595
2025-12-28 11:17:55.737087,GCP,EC2,us-west-2,0.2132
2025-12-28 11:18:00.746078,Azure,Lambda,us-east-1,0.0303
2025-12-28 11:18:05.752862,AWS,Lambda,us-west-2,0.1172
2025-12-28 11:18:10.760745,AWS,S3,us-east-1,0.1584
2025-12-28 11:18:15.769361,GCP,RDS,us-west-2,0.0742
2025-12-28 11:18:20.774177,Azure,RDS,us-east-1,0.0112
2025-12-28 11:18:25.783590,Azure,EC2,us-west-2,0.1896
2025-12-28 11:18:30.792457,Azure,RDS,us-west-2,0.0092
2025-12-28 11:18:35.803111,GCP,EC2,us-east-1,0.0134
2025-12-28 11:18:40.811126,AWS,RDS,us-west-2,0.0145
2025-12-28 11:18:45.817207,AWS,EC2,us-west-2,0.0207
2025-12-28 11:18:50.829048,AWS,RDS,eu-west-1,0.0155
2025-12-28 11:18:55.842073,Azure,S3,us-west-2,0.0146
2025-12-28 11:19:00.853033,Azure,Lambda,us-west-2,0.2616
2025-12-28 11:19:05.864899,Azure,Lambda,us-west-2,0.1945
2025-12-28 11:19:10.879850,AWS,Lambda,us-west-2,0.0215
2025-12-28 11:19:15.886493,Azure,EC2,us-west-2,0.2392
2025-12-28 11:19:20.892614,Azure,Lambda,us-west-2,0.1722
2025-12-28 11:19:25.897098,Azure,RDS,us-west-2,0.034
2025-12-28 11:19:30.904249,AWS,S3,us-west-2,0.0179
2025-12-28 11:19:35.908506,AWS,S3,us-east-1,0.0025
2025-12-28 11:19:40.914956,GCP,Lambda,us-west-2,0.0046
2025-12-28 11:19:45.919194,Azure,Lambda,us-west-2,0.1917
2025-12-28 11:19:50.922952,Azure,EC2,us-east-1,0.0054
2025-12-28 11:19:55.929715,GCP,Lambda,us-east-1,0.1232
2025-12-28 11:20:00.934109,GCP,S3,eu-west-1,0.1985
2025-12-28 11:20:05.940308,AWS,EC2,us-east-1,0.0066
2025-12-28 11:20:10.946643,AWS,Lambda,us-west-2,0.2531
2025-12-28 11:20:15.953634,GCP,RDS,eu-west-1,0.0325
2025-12-28 11:20:20.961420,AWS,S3,us-west-2,0.044
2025-12-28 11:20:25.966868,AWS,EC2,us-west-2,0.1908
2025-12-28 11:20:30.975838,GCP,RDS,eu-west-1,0.0052
2025-12-28 11:20:35.986008,Azure,S3,us-east-1,0.0798
2025-12-28 11:20:40.994862,GCP,Lambda,us-west-2,0.046
2025-12-28 11:20:46.003815,AWS,Lambda,us-east-1,0.018
2025-12-28 11:20:51.012743,AWS,RDS,us-east-1,0.0283
2025-12-28 11:20:56.020094,GCP,S3,us-west-2,0.1605
2025-12-28 11:21:01.028621,AWS,EC2,us-east-1,0.1311
2025-12-28 11:21:06.038162,Azure,S3,eu-west-1,0.0302
2025-12-28 11:21:11.047637,Azure,RDS,us-west-2,0.0597
2025-12-28 11:21:16.057431,AWS,S3,us-east-1,0.0423
2025-12-28 11:21:21.067819,AWS,EC2,us-east-1,0.2345
2025-12-28 11:21:26.076678,GCP,Lambda,eu-west-1,0.0036
2025-12-28 11:21:31.085959,Azure,S3,us-west-2,0.0157
2025-12-28 11:21:36.095636,GCP,S3,us-east-1,0.0157
2025-12-28 11:21:41.104233,AWS,Lambda,eu-west-1,0.0149
2025-12-28 11:21:46.113221,GCP,S3,eu-west-1,0.0129
2025-12-28 11:21:51.126332,Azure,EC2,us-west-2,0.0453
2025-12-28 11:21:56.140940,AWS,EC2,us-east-1,0.008
2025-12-28 11:22:01.147868,Azure,EC2,us-east-1,0.1018
2025-12-28 11:22:06.155464,GCP,RDS,eu-west-1,0.0126
2025-12-28 11:22:11.163805,Azure,EC2,us-west-2,0.0149
2025-12-28 11:22:16.170682,GCP,EC2,us-east-1,0.0054
2025-12-28 11:22:21.178509,GCP,RDS,us-west-2,0.0328
2025-12-28 11:22:26.185047,GCP,S3,eu-west-1,0.0155
2025-12-28 11:22:31.196161,Azure,S3,us-west-2,0.0111
2025-12-28 11:22:36.210733,AWS,S3,eu-west-1,0.1616
2025-12-28 11:22:41.219554,Azure,Lambda,eu-west-1,0.0419
2025-12-28 11:22:46.235180,Azure,S3,eu-west-1,0.0166
2025-12-28 11:22:51.242101,Azure,EC2,us-east-1,0.1238
2025-12-28 11:22:56.252602,Azure,S3,us-west-2,0.0113
2025-12-28 11:23:01.265227,Azure,RDS,us-east-1,0.0082
2025-12-28 11:23:06.272795,GCP,S3,us-west-2,0.0235
2025-12-28 11:23:11.282433,GCP,S3,us-east-1,0.0411
2025-12-28 11:23:16.289088,Azure,EC2,us-west-2,0.215
2025-12-28 11:23:21.298542,Azure,RDS,us-east-1,0.1845
2025-12-28 11:23:26.308675,AWS,S3,eu-west-1,0.1772
2025-12-28 11:23:31.317888,Azure,EC2,us-east-1,0.2403
2025-12-28 11:23:36.328010,GCP,S3,eu-west-1,0.2021
2025-12-28 11:23:41.337810,AWS,RDS,us-west-2,0.0222
2025-12-28 11:23:46.347592,Azure,Lambda,us-west-2,0.0682
2025-12-28 11:23:51.354985,GCP,Lambda,us-west-2,0.1398
2025-12-28 11:23:56.365130,AWS,RDS,eu-west-1,0.2079
2025-12-28 11:24:01.379228,Azure,Lambda,us-west-2,0.2131
2025-12-28 11:24:06.388996,Azure,S3,eu-west-1,0.0899
2025-12-28 11:24:11.393373,AWS,EC2,us-east-1,0.2046
2025-12-28 11:24:16.405450,GCP,S3,eu-west-1,0.2148
2025-12-28 11:24:21.415215,GCP,RDS,eu-west-1,0.2443
2025-12-28 11:24:26.418483,GCP,EC2,us-east-1,0.0331
2025-12-28 11:24:31.423703,AWS,RDS,us-east-1,0.0066
2025-12-28 11:24:36.426832,AWS,RDS,us-west-2,0.2429
2025-12-28 11:24:41.430370,Azure,RDS,us-west-2,0.0135
2025-12-28 11:24:46.433996,Azure,EC2,us-east-1,0.1675
2025-12-28 11:24:51.438477,Azure,RDS,eu-west-1,0.145
2025-12-28 11:24:56.447534,AWS,S3,eu-west-1,0.0466
2025-12-28 11:25:01.456163,Azure,RDS,us-west-2,0.0426
2025-12-28 11:25:06.467218,Azure,EC2,us-east-1,0.0952
2025-12-28 11:25:11.472775,AWS,S3,us-east-1,0.1878
2025-12-28 11:25:16.482610,Azure,EC2,us-east-1,0.0199
2025-12-28 11:25:21.492126,AWS,Lambda,us-east-1,0.0507
2025-12-28 11:25:26.498426,GCP,Lambda,us-west-2,0.0633
2025-12-28 11:25:31.507640,GCP,S3,eu-west-1,0.0456
2025-12-28 11:25:36.518275,AWS,Lambda,us-west-2,0.0733
2025-12-28 11:25:41.529856,Azure,EC2,eu-west-1,0.0482
2025-12-28 11:25:46.533402,AWS,RDS,us-west-2,0.2383
2025-12-28 11:25:51.543982,GCP,EC2,us-east-1,0.0502
2025-12-28 11:25:56.552889,GCP,Lambda,us-west-2,0.0133
2025-12-28 11:26:01.556313,AWS,Lambda,us-east-1,0.0012
2025-12-28 11:26:06.559657,Azure,EC2,us-east-1,0.0252
2025-12-28 11:26:11.569332,Azure,S3,us-east-1,0.1832
2025-12-28 11:26:16.573208,AWS,S3,us-east-1,0.2002
2025-12-28 11:26:21.578211,Azure,RDS,us-east-1,0.0197
2025-12-28 11:26:26.586119,Azure,EC2,us-west-2,0.0313
2025-12-28 11:26:31.592228,GCP,RDS,us-east-1,0.0161
2025-12-28 11:26:36.599157,GCP,Lambda,us-west-2,0.0107
2025-12-28 11:26:41.614358,AWS,S3,us-east-1,0.0446
2025-12-28 11:26:46.620720,Azure,Lambda,us-east-1,0.204
2025-12-28 11:26:51.626997,Azure,S3,us-west-2,0.0189
2025-12-28 11:26:56.632910,Azure,EC2,eu-west-1,0.2007
2025-12-28 11:27:01.660426,AWS,S3,eu-west-1,0.0139
2025-12-28 11:27:06.798802,Azure,RDS,eu-west-1,0.009
2025-12-28 11:27:11.808547,AWS,Lambda,us-west-2,0.0018
2025-12-28 11:27:16.818295,Azure,Lambda,us-east-1,0.0532
2025-12-28 11:27:21.827138,Azure,RDS,eu-west-1,0.2963
2025-12-28 11:27:26.834566,Azure,RDS,us-west-2,0.014
2025-12-28 11:27:31.844951,GCP,EC2,us-east-1,0.2157
2025-12-28 11:27:36.855264,Azure,RDS,eu-west-1,0.2117
2025-12-28 11:27:41.865967,Azure,RDS,us-west-2,0.0272
2025-12-28 11:27:46.875651,Azure,EC2,us-east-1,0.2346
2025-12-28 11:27:51.881564,Azure,Lambda,us-west-2,0.0133
2025-12-28 11:27:56.895706,GCP,S3,us-east-1,0.048
2025-12-28 11:28:01.920227,Azure,S3,us-west-2,0.0307
2025-12-28 11:28:06.923917,Azure,RDS,eu-west-1,0.0085
2025-12-28 11:28:11.934683,AWS,RDS,us-west-2,0.1161
2025-12-28 11:28:16.943631,AWS,EC2,eu-west-1,0.0244
2025-12-28 11:28:21.947148,Azure,RDS,us-west-2,0.1291
2025-12-28 11:28:26.956406,AWS,RDS,us-west-2,0.0161
2025-12-28 11:28:31.959650,Azure,S3,us-east-1,0.0055
2025-12-28 11:28:36.963139,Azure,EC2,eu-west-1,0.0067
2025-12-28 11:28:41.968553,AWS,Lambda,us-west-2,0.0181
2025-12-28 11:28:46.977395,Azure,Lambda,us-east-1,0.0721
2025-12-28 11:28:51.984050,Azure,Lambda,us-west-2,0.0427
2025-12-28 11:28:56.993579,GCP,S3,us-east-1,0.187
2025-12-28 11:29:02.003101,Azure,Lambda,us-west-2,0.0047
2025-12-28 11:29:07.011876,GCP,EC2,us-east-1,0.002
2025-12-28 11:29:12.015426,AWS,S3,eu-west-1,0.1443
2025-12-28 11:29:17.027282,AWS,RDS,us-east-1,0.0051
2025-12-28 11:29:22.036621,AWS,S3,us-west-2,0.0738
2025-12-28 11:29:27.046130,GCP,Lambda,us-east-1,0.0101
2025-12-28 11:29:32.055078,Azure,EC2,us-east-1,0.0392
2025-12-28 11:29:37.059782,Azure,RDS,us-west-2,0.1428
2025-12-28 11:29:42.074917,Azure,S3,us-west-2,0.1342
2025-12-28 11:29:47.086999,AWS,RDS,us-west-2,0.2837
2025-12-28 11:29:52.096897,Azure,RDS,us-east-1,0.175
2025-12-28 11:29:57.101408,Azure,S3,us-east-1,0.2949
2025-12-28 11:30:02.109410,GCP,EC2,us-west-2,0.1578
2025-12-28 11:30:07.118261,Azure,Lambda,eu-west-1,0.295
2025-12-28 11:30:12.134545,AWS,Lambda,us-west-2,0.1712
2025-12-28 11:30:17.143412,AWS,Lambda,us-east-1,0.12
2025-12-28 11:30:22.152993,GCP,EC2,us-east-1,0.1329
2025-12-28 11:30:27.164972,AWS,S3,us-west-2,0.0187
2025-12-28 11:30:32.172779,GCP,Lambda,us-east-1,0.0272
2025-12-28 11:30:37.183194,AWS,S3,us-west-2,0.1533
2025-12-28 11:30:42.191806,GCP,EC2,us-west-2,0.0152
2025-12-28 11:30:47.198156,AWS,Lambda,us-east-1,0.1262
2025-12-28 11:30:52.207315,AWS,EC2,us-west-2,0.1637
2025-12-28 11:30:57.217597,Azure,Lambda,us-east-1,0.1829
2025-12-28 11:31:02.226198,AWS,Lambda,us-east-1,0.1802
2025-12-28 11:31:07.241686,GCP,Lambda,us-west-2,0.0204
2025-12-28 11:31:12.250714,AWS,Lambda,us-west-2,0.0028
2025-12-28 11:31:17.264008,Azure,EC2,us-west-2,0.0422
2025-12-28 11:31:22.273013,AWS,Lambda,eu-west-1,0.0082
2025-12-28 11:31:27.280472,GCP,EC2,eu-west-1,0.0231
2025-12-28 11:31:32.286361,Azure,S3,eu-west-1,0.1445
2025-12-28 11:31:37.291949,AWS,S3,us-east-1,0.1327
2025-12-28 11:31:42.304635,AWS,EC2,eu-west-1,0.0065
2025-12-28 11:31:47.319920,AWS,Lambda,eu-west-1,0.0913
2025-12-28 11:31:52.328959,Azure,S3,eu-west-1,0.0463
2025-12-28 11:31:57.338102,GCP,S3,us-west-2,0.0485
2025-12-28 11:32:02.347545,GCP,Lambda,us-west-2,0.2015
2025-12-28 11:32:07.366406,Azure,EC2,eu-west-1,0.0783
2025-12-28 11:32:12.375599,GCP,Lambda,us-west-2,0.0377
2025-12-28 11:32:17.384018,AWS,S3,us-east-1,0.2315
2025-12-28 11:32:22.396115,AWS,RDS,us-east-1,0.2302
2025-12-28 11:32:27.409115,GCP,S3,us-west-2,0.0737
2025-12-28 11:32:32.418001,Azure,RDS,us-east-1,0.0155
2025-12-28 11:32:37.429039,Azure,Lambda,us-west-2,0.1945
2025-12-28 11:32:42.439939,Azure,S3,us-east-1,0.0859
2025-12-28 11:32:47.450321,Azure,Lambda,us-east-1,0.0128
2025-12-28 11:32:52.470433,Azure,RDS,eu-west-1,0.244
2025-12-28 11:32:57.475024,AWS,EC2,us-east-1,0.0031
2025-12-28 11:33:02.481854,Azure,Lambda,eu-west-1,0.2807
2025-12-28 11:33:07.491261,GCP,RDS,eu-west-1,0.0429
2025-12-28 11:33:12.498410,GCP,EC2,eu-west-1,0.0189
2025-12-28 11:33:17.507001,GCP,EC2,eu-west-1,0.2471
2025-12-28 11:33:22.516511,AWS,EC2,eu-west-1,0.0099
2025-12-28 11:33:27.525845,Azure,Lambda,us-east-1,0.0907
2025-12-28 11:33:32.533963,Azure,RDS,us-east-1,0.1391
2025-12-28 11:33:37.548574,Azure,S3,us-east-1,0.2736
2025-12-28 11:33:42.561011,GCP,RDS,us-east-1,0.1833
2025-12-28 11:33:47.571100,GCP,S3,us-east-1,0.0061
2025-12-28 11:33:52.584045,GCP,S3,us-east-1,0.1609
2025-12-28 11:33:57.593459,GCP,Lambda,us-west-2,0.0908
2025-12-28 11:34:02.599895,Azure,Lambda,us-west-2,0.2173
2025-12-28 11:34:07.608750,AWS,S3,us-east-1,0.0101
2025-12-28 11:34:12.619441,Azure,S3,eu-west-1,0.1605
2025-12-28 11:34:17.641141,GCP,RDS,us-west-2,0.1267
2025-12-28 11:34:22.653072,AWS,EC2,us-west-2,0.0098
2025-12-28 11:34:27.662204,Azure,EC2,us-east-1,0.182
2025-12-28 11:34:32.669901,GCP,S3,us-east-1,0.2113
2025-12-28 11:34:37.678728,AWS,EC2,us-west-2,0.0039
2025-12-28 11:34:42.685282,Azure,EC2,us-west-2,0.017
2025-12-28 11:34:47.691609,GCP,S3,eu-west-1,0.0464
2025-12-28 11:34:52.703279,Azure,Lambda,eu-west-1,0.0061
2025-12-28 11:34:57.778192,AWS,Lambda,us-east-1,0.0196
2025-12-28 11:35:02.787212,Azure,S3,eu-west-1,0.0159
2025-12-28 11:35:07.797583,AWS,EC2,us-west-2,0.0485
2025-12-28 11:35:12.808445,Azure,Lambda,us-west-2,0.0054
2025-12-28 11:35:17.814893,AWS,Lambda,us-east-1,0.0194
2025-12-28 11:35:22.824378,GCP,S3,us-east-1,0.2174
2025-12-28 11:35:27.829720,AWS,S3,us-west-2,0.0202
2025-12-28 11:35:32.835091,Azure,Lambda,us-east-1,0.2198
2025-12-28 11:35:37.837957,Azure,Lambda,us-west-2,0.0334
2025-12-28 11:35:42.842950,GCP,EC2,us-east-1,0.0118
2025-12-28 11:35:47.849730,GCP,Lambda,us-west-2,0.0125
2025-12-28 11:35:52.853292,Azure,EC2,eu-west-1,0.013
2025-12-28 11:35:57.856753,AWS,RDS,eu-west-1,0.0151
2025-12-28 11:36:02.861277,GCP,EC2,us-west-2,0.0235
2025-12-28 11:36:07.865333,GCP,S3,eu-west-1,0.1176
2025-12-28 11:36:12.868530,Azure,RDS,us-west-2,0.2475
2025-12-28 11:36:17.871824,GCP,RDS,us-east-1,0.1479
2025-12-28 11:36:22.875140,Azure,EC2,eu-west-1,0.1295
2025-12-28 11:36:27.878313,AWS,EC2,us-west-2,0.0025
2025-12-28 11:36:32.881866,Azure,S3,us-east-1,0.006
2025-12-28 11:36:37.891259,GCP,EC2,us-west-2,0.0085
2025-12-28 11:36:42.899395,GCP,S3,us-east-1,0.1227
2025-12-28 11:36:47.910094,Azure,Lambda,us-east-1,0.0401
2025-12-28 11:36:52.923808,GCP,S3,eu-west-1,0.2604
2025-12-28 11:36:57.934258,GCP,Lambda,us-west-2,0.0818
2025-12-28 11:37:02.943109,Azure,S3,eu-west-1,0.0043
2025-12-28 11:37:07.956158,Azure,EC2,us-west-2,0.2474
2025-12-28 11:37:12.966296,AWS,Lambda,eu-west-1,0.0715
2025-12-28 11:37:17.973335,AWS,S3,us-east-1,0.0352
2025-12-28 11:37:22.984120,AWS,S3,eu-west-1,0.0065
2025-12-28 11:37:27.993871,GCP,RDS,us-east-1,0.2724
2025-12-28 11:37:33.005496,Azure,S3,us-east-1,0.0261
2025-12-28 11:37:38.015108,GCP,Lambda,us-west-2,0.1014
2025-12-28 11:37:43.029457,GCP,Lambda,us-west-2,0.2652
2025-12-28 11:37:48.038401,Azure,RDS,eu-west-1,0.016
2025-12-28 11:37:53.043508,GCP,Lambda,eu-west-1,0.0338
2025-12-28 11:37:58.047768,GCP,RDS,us-east-1,0.119
2025-12-28 11:38:03.050940,Azure,EC2,us-east-1,0.0905
2025-12-28 11:38:08.061079,GCP,Lambda,us-east-1,0.0014
2025-12-28 11:38:13.069875,GCP,Lambda,us-east-1,0.1859
2025-12-28 11:38:18.080416,Azure,Lambda,eu-west-1,0.2119
2025-12-28 11:38:23.095146,Azure,RDS,eu-west-1,0.0148
2025-12-28 11:38:28.104383,Azure,RDS,us-east-1,0.0887
2025-12-28 11:38:33.115595,AWS,EC2,us-west-2,0.0057
2025-12-28 11:38:38.126478,AWS,EC2,us-east-1,0.2883
2025-12-28 11:38:43.133362,GCP,RDS,us-west-2,0.0306
2025-12-28 11:38:48.140946,GCP,EC2,eu-west-1,0.0168
2025-12-28 11:38:53.151305,Azure,EC2,eu-west-1,0.0156
2025-12-28 11:38:58.157894,GCP,S3,us-east-1,0.0586
2025-12-28 11:39:03.164009,AWS,EC2,us-east-1,0.0186
